{
    "hand_right_dummy": [
    0.598220705986023,
    0.8555284142494202,
    1.6975995720258652e-07,
    0.5799365639686584,
    0.8640510439872742,
    -0.011461981572210789,
    0.5716577768325806,
    0.8908201456069946,
    -0.017538199201226234,
    0.5705921649932861,
    0.921051025390625,
    -0.02112930454313755,
    0.5676928758621216,
    0.9455798864364624,
    -0.024084044620394707,
    0.5925705432891846,
    0.9136597514152527,
    -0.019280703738331795,
    0.5877847671508789,
    0.9578515887260437,
    -0.02756090648472309,
    0.5809372067451477,
    0.9851549863815308,
    -0.03146761283278465,
    0.575057864189148,
    1.0058780908584595,
    -0.03313561528921127,
    0.6033143401145935,
    0.9209737181663513,
    -0.015677811577916145,
    0.5966930389404297,
    0.9663472175598145,
    -0.02307620644569397,
    0.5882958769798279,
    0.9917435646057129,
    -0.025163929909467697,
    0.580493688583374,
    1.0095887184143066,
    -0.025742823258042336,
    0.6087851524353027,
    0.925468921661377,
    -0.01236148551106453,
    0.6029053926467896,
    0.9667799472808838,
    -0.018025804311037064,
    0.5947970747947693,
    0.9898779392242432,
    -0.01913825049996376,
    0.5869646072387695,
    1.0054091215133667,
    -0.019011132419109344,
    0.6105818748474121,
    0.9280473589897156,
    -0.009875575080513954,
    0.6061628460884094,
    0.9627911448478699,
    -0.014232313260436058,
    0.5998949408531189,
    0.9824195504188538,
    -0.01527373306453228,
    0.5935818552970886,
    0.995594322681427,
    -0.015050526708364487
],
"hand_left_dummy": [
    0.3301757276058197,
    0.8626725077629089,
    2.3986135744280546e-08,
    0.35088562965393066,
    0.8721566200256348,
    -0.00973126757889986,
    0.35957571864128113,
    0.8995780944824219,
    -0.013584215193986893,
    0.3608989715576172,
    0.9316386580467224,
    -0.015181087888777256,
    0.3634822368621826,
    0.9560365676879883,
    -0.016112390905618668,
    0.3409895896911621,
    0.9311155080795288,
    -0.0124119333922863,
    0.34926629066467285,
    0.972769558429718,
    -0.016470376402139664,
    0.3547345697879791,
    0.996391236782074,
    -0.018814824521541595,
    0.3588036894798279,
    1.0148742198944092,
    -0.019939186051487923,
    0.3295184373855591,
    0.9363633990287781,
    -0.009138215333223343,
    0.3382836580276489,
    0.977899968624115,
    -0.012622024863958359,
    0.34456372261047363,
    1.001826524734497,
    -0.014581985771656036,
    0.3491334915161133,
    1.0200444459915161,
    -0.0157333854585886,
    0.3230594992637634,
    0.9376896619796753,
    -0.006285110022872686,
    0.3311244249343872,
    0.976141095161438,
    -0.009962872602045536,
    0.3372536599636078,
    0.9993007183074951,
    -0.011673002503812313,
    0.34179985523223877,
    1.0166964530944824,
    -0.012300278060138226,
    0.32111987471580505,
    0.9380898475646973,
    -0.004067615140229464,
    0.32675954699516296,
    0.969962477684021,
    -0.007396007888019085,
    0.33193129301071167,
    0.9891701340675354,
    -0.00856971275061369,
    0.3364849090576172,
    1.004198431968689,
    -0.00874650664627552
]
}
